use Lib;

-- книга
insert book values
('SQL Server для начинающих', 2007, 657),
('Delphi 2006 справочное пособие', 2006, 599),
('Rust', 2018, 459),
('Основы бизнеса', 2009, 342),
('Управление персоналом', 2010, 470),
('Бизнес системы', 2016, 590),
('Макро и микро экономика', 2010, 480),
('Экономический анализ', 2009, 298),
('Менеджмент', 2012, 300),
('Web разработка', 2010, 499),
('HTML 5.0', 2011, 399),
('TCP/IP', 2019, 399),
('Основы 3D моделирования', 2011, 655),
('Графические редакторы для платформы Windows', 2011, 411),
('Графические редакторы для платформы Linux', 2010, 299)

go

insert client_card values 
('1111 412547', 'Иванов', 'Иван', 'Иванович', '01-11-1963', 'Н.Новгород ул.Даля 11 кв 13'),
('2222 145879', 'Сидорова', 'Лия', 'Иванова', '12-07-1982', 'Н.Новгород ул.Гоголя 1 кв 45'),
('3333 546879', 'Ивашевский', 'Левон', 'Аганезович', '21-09-1980', 'Н.Новгород ул.Гоголя 1 кв 48'),
('4444 798644', 'Микулин', 'Николай', 'Андреевич', '04-01-1978', 'Н.Новгород пр.Ленина 6 кв 1'),
('5555 698745', 'Арбатов', 'Игорь', 'Сергеевич', '04-01-1984', 'Н.Новгород пр.Гагарина 16 кв 4'),
('6666 123456', 'Епанешников', 'Никита', 'Никитич', '20-02-2001', 'Н.Новгород пр.Ленина 66 кв 1'),
('7777 654123', 'Наумов', 'Александр', 'Александрович', '24-09-2000', 'Н.Новгород пр.Гоголя 68 кв 2'),
('8888 456789', 'Харичев', 'Александр', 'Александрович', '14-10-2002', 'Н.Новгород пр.Ленина 74 кв 56'),
('9999 987321', 'Родионов', 'Роман', 'Романов', '15-11-2001', 'Н.Новгород пр.Даля 2 кв 11'),
('1010 321123', 'Борисков', 'Дмитрий', 'Дмитриевич', '03-03-2001', 'Н.Новгород пр.Ленина 95 кв 32')

go

-- издание
insert publisher values
('Диалектика'),
('Бином'),
('Эскимо'),
('ПИТЕР'),
('БХВ-Петербург')

go

-- автор
insert author values
('Виейра', 'Роберт', ' '),
('Архангельский', 'А.', 'Я.'),
('Иванов', 'Е.', 'И.'),
('Ковальчук', 'Н.', 'К.'),
('Курманова', 'А.', 'А.'),
('Сидоров', 'Е.', 'К.'),
('Сергеев', 'И.', 'Н.'),
('Чаунин', 'М.', 'С.'),
('Матросов', 'А.', 'Е.'),
('Хомоненко', 'А.', 'В.'),
('Гофман', 'В.', 'П.')

go

-- книга издание
insert book_publisher values
(1, 1),
(2, 2),
(3, 1),

(4, 3),
(5, 4),
(6, 2),

(7, 4),
(8, 3),
(9, 3),

(10, 2),
(11, 2),
(12, 2),

(13, 5),
(14, 5),
(15, 5)

go

-- книга автор
insert book_author values 
(1, 1),
(2, 2),
(3, 2),

(4, 3),
(5, 4),
(6, 4),

(7, 5),
(7, 6),
(8, 7),
(9, 7),

(10, 8),
(11, 8),
(11, 9),
(12, 9),

(13, 10),
(14, 11),
(15, 11)

go

insert supplier values
('ООО "Новая книга"', 'г. Н.Новгород пр.Гагарина 26 б'),
('ООО "Просветление"', 'г. Н.Новгород ул.Нартова 17'),
('ООО "Книга НН"', 'г. Н.Новгород пр.Ленина 57'),
('ООО "Книга +"', 'г. Вологда пр.Ленина 1'),
('ООО "Дом книги"', 'г. Н.Новгород ул.Ленина 2 а')

go

insert supply values
(1, 1, '20-01-2020', 10),
(1, 2, '22-01-2020', 15),
(1, 3, '21-02-2020', 7),

(2, 4, '20-01-2020', 10),
(2, 5, '25-02-2020', 5),
(2, 6, '20-03-2020', 2),

(3, 9, '20-02-2020', 10),

(4, 10, '20-03-2020', 10),
(4, 11, '27-04-2020', 7),
(4, 12, '20-01-2020', 2),

(5, 13, '24-05-2020', 20),
(5, 14, '24-06-2020', 5),
(5, 15, '23-01-2020', 5) 

go

insert supply values
(1, 1, '20-01-2021', 20)

insert [order] values 
(1, '1111 412547',1, 1, '01-07-2011'),
(2, '1111 412547',1, 1, '09-09-2011'),
(8, '1111 412547',1, 0, '08-11-2011'),
(1, '2222 145879',1, 0, '08-11-2011'),
(1, '3333 546879',1, 0, '09-11-2011'),
(4, '4444 798644',1, 1, '09-11-2011'),
(5, '4444 798644',1, 0, '01-08-2011'),
(10, '5555 698745',1, 0, '09-09-2011'),
(11, '5555 698745',1, 0, '11-11-2011'),
(13, '5555 698745',1, 0, '11-11-2011'),
(5, '4444 798644',1, 0, '01-08-2011'),
(10, '5555 698745',1, 0, '09-09-2011'),
(11, '5555 698745',1, 0, '11-11-2011'),
(13, '5555 698745',1, 0, '11-11-2011'),
(5, '1111 412547',1, 0, '01-05-2023'),
(10, '1111 412547',1, 0, '09-05-2023'),
(11, '2222 145879',1, 0, '11-04-2023'),
(13, '5555 698745',1, 0, '11-04-2023'),
(6, '2222 145879',2, 1, '01-03-2023')

insert [order] values 
(7, '9999 987321',1, 0, '21-04-2023')

insert [order] values 
(8, '9999 987321',1, 0, '01-04-2023')

--update [order]
--set [order].book_id = 6
--from (select id, client_card_id from [order] where client_card_id = '1111 412547' and id = 19) as selected

--delete [order]
--from (select id from [order]) as selected
--where [order].id=selected.id